yorum,sentiment
    ben bu filmi seyrettigimde çok etkilenmiştim.,p
   Acaba Kate Winslet yerine Drew Barrymore daha mı başarılı olurdu.,o
   Bir kere Leonardo DiCaprio mükemmel oynamış.,p
   val kilmer'ı bir çpk insanın sevme nedeni bu filmdir,p
  11 oskar ödülüne gelince  akademi hiç mi yanlış karar veremez  hatırlayın ki Er Ryan dururken gidip aşık Shakespeare e ödül veren bir jüri topluluğu bu.,o
 '' Aşk filmi''.,o
  Bu adamın 2 filmi var ( Kurtlarla Dansı izlemedim) 1.Robin hood 2. Perfect World!,o
  Kahinin sözlerine dikkat edin.,o
  Sinemanın zevkine varıyorsunuz izlerken.,p
 :) İlk izlediğimde çok etkilenmiştim.,p
 1 1 1 numara unutulmaz bir film aşkı en güzel şekilde anlatıyor  bazıları buna katılmasa bile ",p
 1 ay önce tekrar izledim ve o duygusallığı üzerimden 1 hafta atamadı.,o
 10 puanı bu filme vermiceksinde hangi filme verceksin?,p
 3 defa izledim.,o
 7 / 10 izlenir.,o
 7.9 alması beni gerçekten şaşırttı  bu film bence pek çok James Bond filminden daha güzel.,p
 8/10,
 9.2 den çok çok daha fazlasını hakeden bi başyapıt .,p
 aaah ah  bide o dillerden düşmeyen akıllardan silinmeyen şarkısı yok mu !,p
 Ağlama konusuna gelince  evet itiraf edeyim benim de gözlerim doldu finalde  çok dokunaklıydı  ama bir filmin sizi ağlatması demek o filmin çok iyi olduğu anlamına mı gelir  bunu bir düşünmek gerek.,o
 Aksiyon son derece.,p
 Alacakaranlığı izlemedim henüz.,o
 Ama aynı şeyi hiç kimse Titanik için yapmıyor.,p
 Ama bence etkileyici konulara sahip olan Waterworld ve Postman'in başarısızlığından sonra  Kurtlarla Dans'ın bir istisna olduğu ortaya çıkıyor.,o
 Ama bize hayla bu flim hakkında yorum yapıyorsak.,o
 Ama bu kadarla kalmıyor.,o
 ama kötü bir film de degil.,o
 Ama sinema tarihinin çoğu klasiğini izlemiş bir kimse gelip  Titanik 10 numara  dünyanın en iyi filmidir derse  bu beni derbeder yapar  yollara düşerim.,n
 ama titanic yeri herzaman başkadır.,p
 Ama yorumları okudum şöyle bir durum var.,o
 arada bizim evin balkonuna çıkıp kollarımı açıyorum karşıdan esen rüzgara karşı !,o
 Aramis (Jeremy Irons) ise kaderini takip etmiş  bir rahip olmuş.,o
 ask filmi yapmasaydınız da zevkle seyretseydik,p
 Aşk-Gerilim-Dram herşey var 10 puan böle film zor yaparlar artık.,p
 Athos (John Malkovich)  oğlu Raoul'u yetiştiriyor ve basit bir hayat sürdürüyor.,o
 avatarla aynı puanda olması hakaret olmuş biraz.,p
 Aynı sene gösterilen L.A. Confidential Titanicden çok daha iyi bir film.,o
 Az önce yine izledim.,o
 azcık uzun sadece o kadar.,o
 B A Ş Y A P I T .,p
 Başrol oyuncularının uyumu harika.,p
 başyapıttanda öte bir film.,p
 belirli bir ivmenin altına düşmeyen film kendini izletebiliyor.,p
 Belki daha güzeli de yapılır ama TİTANİC in yeri her zaman ayrı olacak.,p
 Ben 10 üzerinden 10 verdim.,p
 Ben hiç bir zaman hiç bir şeye en yüksek notu vermem.,o
 bence bir baş yapıt.,p
 bence bu filme bu puan çok az kalmış.,o
 Bence eski bir film olsada bu konuyla çekilmiş bir olmaması insanı cezbediyor.,p
 Benden helalinden 9.,p
 Benim gözümde Terminator filmleri ile yönetmenlerin şahı olan James Cameron da bu filmde sıradan.,p
 Benim için hayal kırıklıklarından biriydi.,o
 Benim için şöyle rastgele açılmış bir Yeşilçam filmindeki aşk öyküsü bile buradakinden daha iyidir.,n
 benim kollarım leonardo nun ki gibi güzel hatunla dolu değil  hatta çok sefer çanak anteni kucaklıyom ama olsun umut garibin ekmeği nede olsa.,o
 Bildiğim kadarıyla en son Wishmaster IV te kaldılar.,o
 bilmem ama ben gittim.,o
 bir aşk hikayesi bukadar güzel anlatılabilir.,p
 Bir film bu kadar mı duygusal bu kadar mı güzel olur.,p
 Bir film için 3 gün üst üste sinemaya gidilir mi?,o
 Bir genç kız gelip Titanik filmini çok sevdiğini söylese anlarım  derim hem Leonardo var  belki aşıktır veya filmdeki aşk hikayesi ona hoş gelmiştir.,o
 Bir millet düşünün ki Dünya da süper güç olmuş ama insanlarının birbirleriyle ilişkilerinde dibe vurmuş bir toplum.,o
 bir yalan gerçeğin ta kendisine nasıl dönüşür?,o
 Biraz daha seçici olmamalılar.,o
 Birbirlerine aşık olan iki kişi.,o
 Birdaha bu olayla ilgili kimse film çekemez.,o
 Biri hepsi  hepsi biri için.,o
 Boğazım yanmaktan kurudu bitti.,o
 Boş zamanınız varsa.,o
 Böyle kaliteli oyuncuların bu tür basit yapımlarda oynamasına bir anlam veremiyorum.,n
 Bu adam daha iyi yerlere gelmeli,p
 Bu arada tartışmada bir filmin iyi olması için illa sıradışı olması gerekmez gibi bir sonuca vardık.,o
 Bu bir baş yapıtdır.,p
 Bu da anlamadığım bir diğer mesele.,o
 Bu da filmin bütün o diğer klasiklerden daha iyi olduğu anlamına geliyor ki bence hiçte değil (mesela Baba  Er Ryan  Leon  Taksi Şoförü  Amelie vs),
 Bu duygunun tam anlamıyla işlendiği bir efsane diyebilirim bu film için.,p
 Bu film gelmiş geçmiş en iyi film bence,p
 bu film insanoğlu varoldukça herzaman hatırlanacaktır.,p
 Bu film izlemeyen yoktur ama izlemeyen mutlaka izlemeli.,p
 Bu filmdeki aşk dillere destan bir aşktır diyenleri anlayamadığım için üzülüyorum  keşke hak verebilseydim.,o
 Bu filme de benzer yorumların yapılmasını dilerdim  ama görünen o ki iş Titaniğe gelince herkes her şeyi unutuyor sanki.,o
 Bu filme hayatımın filmi diyen seyirciler o muhteşem filmleri seyretmedi mi acaba diyorum ama yok seyretmişler besbelli.,o
 bu filmi izlemekle başladı zaten bende bu heves.,p
 Bu filmle Titanik versiyon filmlerine nokta konmuştur.,o
 Bu filmlerde yönetmenlik koltuğunda bir başkası olsa sonuç daha değişik olabilirdi diye düşünüyorum.,o
 bu mahkumu kurtarıp gizli kimliğini ortaya çıkarmak.,o
 Bu sırada Bastille'de neredeyse 10 yıldır yüzü maske ile saklanan bir kişi hapis yatıyor.,o
 Bu yasak aşkı engellemek için elinden geleni ardına koymayan  zengin bir ailenin oğlu.,o
 Buna rağmen fikirleri değişmemiş.,o
 Bundan sonra da böyle bi film izliyeceğimi zannetmiyorum.,p
 bunuda seyredin bide pıerce bronan ın dante yanardağını seyredin.,o
 buyuk bir felaket.,o
 Bütün ihtişamıyla nesilden nesle geçecek bir baş yapıt.,p
 Ceket  pantalon ve gece elbisesine oskar verildiğini ilk kez bu filmde gördük.,o
 cok ahim sahim bir film degil.,o
 cok karizmatik.,p
 Çok daha orijinal olabilirdi bu film.,o
 çok fazla seyretmek adamın ruh sağlığını bile bozabilir.,o
 Çok harika bir yapım olmuş.,p
 çok hüzünlü izle izle ağla.,o
 çölün ortasında bir kasaba  sürekli çıkmaz sokak.,o
 çünkü daha iyisi yapılabilir.,o
 Çünkü zaten izlemeyen yoktur.,p
 Deafalarca izledim ama çok güzel.,p
 Demek ki etki meselesi.,o
 deniz altı bir de o yaratıklar fln :),o
 Devamı gelir.,o
 Doğru. Titaniğin konusunu okuyunca dedim ya çok tipik geliyor bana.,o
 Doğrudur.,o 
 duygusu olan bir insanın gözleri dolması yada ağlamaması imkansız.,o
 Ehh  işte öle bi film  2 arada bi derede cinsinden.,o
 Ehh fazla söze gerek yok bu bana göre iyi bir film oldugunu kanıtlıyor!,p
 Emeği geçen herkese çok çok teşekkür etmek lazım başta büyük usta james cameron a.,p
 en dikkat edici sahne kızın sevdiği erkek için her tehlikeyi göze alarak aşkını kurtarması.,p
 En iyi kostüm dizaynı.,o
 En iyi kurgu ödülü.,p
 En iyi sanat yönetimi ödülü.,p
 En iyi sinematografi (görsellik) Titaniğin görselliğinin ne kadar sıradan olduğunu görmek için Otomatik Portakalı hatırlayın.,o
 evet   ama ne bir başyapıt ne de muhteşem bir film.,o
 Fakat  kimse kusurabakmasın ama birincisi 11 oskar çok ama çok fazla.,p
 Fakir oğlan zengin kız aşkı ne yazık ki gerçekçi değil.,o
 farkı anlayın,o
 Fazlasıyla oturaklı bir film.,p
 fılm gercekten cok guzeldı.,p
 Film  özellikle final sahnesinde  kolay kolay ağlamayan birini bile ağlatır.,o
 film bi harika !,p
 Film bir kasabanın kaybeden değil tüm ABD nin aslında kaybedenler arasında olduğunu gösteriyor.,o
 Film budur bence ayda 1 kere izlenmeli ben 5 kere izledim 100 kere daha izlicem.,p
 Film gerçekten güzel.,p
 Film harika ama ben oyuncular hakkında konuşacağım.,p
 Film val kilmerin karakterinin yüksek kabiliyetiyle etkiliyor ama pek çok ajan filminin yaptığı gibi çok aşırıya kaçıp yücelterek gerçekçilikten uzaklaştırmıyor.,o
 filmde jack ten için ( ona bakabileceğim bir fotoğrafı dahi yok ) dediği sahnede kendimi tutamayıp ağlamıştım.,o
 Filme gelince iki önemli nokta var biri filmin böyle bir felaketin gercekten yasandıgı  ikinicisi ise gerçek aşkın en iyi anlatıldığı bir yapım.,p
 Filmin başındaki köpek-kuyruk muhabbeti de dahiyaneydi.,p
 Filmin etkisini inanılmaz derecede aşılamışlar izleyiciye.,p
 Filmin geçtiği ortamın konu ile bütünleşmiş olarak gerilimi arttırması  ve buna ek olarak çaresizlik duygusunun iyice körüklenmesi filme ayrı bir hava katmış.,o
 flim gösterime girdiğinden beri 11 yıl oldu.,o
 Flim ile görüşüm tabiki 10/10.,p
 gabriel bryne ise dartagnan rolunde super.,p
 Geçen gün siteden acting7 ile bu filmi son kez yeniden tartıştık.,o
 Gemi battıktan sonraki bölümler  yani (çiftin) hayatta kalma çabaları en dokunaklı sahneler.,o
 Gerçekten bu film üstüne yapıt tanımıyorum kim ne derse desin sinema tarihinin en iyi filmidir,p
 gerçekten klostrofobik bir ortam yaratılmış.,o
 güzel bi pazar günü şirin bi film izlemek isteyenler için çok güzel.,p
 güzel müzikler ve manzaralar eşliğinde çok güzel bir suç filmi mutlaka izleyin.,p
 hangi film en güzel seçilmiş bile olsa titanic herzaman başkadır başka kalıcaktır.,p
 Hatta Billy Zane bile (Kurtlar vadisi Kuzey Irakta da züppe Amerikalı rolündeydi) cool ve snopluğu iyi vermiş.,p
 hatta ergen kız filmi.,o
 Hatta yardımcı kaptan  müzisyenler hepsi oynamış.,o
 Hayat boyu hiç bıkmadan izlenebilecek ve hep etkileyecek bir şaheser.,p
 hayatımda izledigim en güzel 3 filmden birisi.,p
 Hayatımda izlediim en etkileyici filmlerden biri 10/10,p
 Hem film  hem de kitabı çok ilgi görmesine ve sevenleri çok olmasına rağmen  birileri çıkıp film basitti  kötüydü  zayıftı vs. diyebiliyor.,o
 her filmi abartmayi birakin en fazla 7/10,o 
 her filmler her yıl en iyi olarak seçilir.,o
 her izlememde ayrı bir tad aldığım artık klasik olmuş bir eser.,p
 her zaman aynı heycanla izlenebilir kim ne derse desin bence gelmiş geçmiş en iyi aşk filmi budur,p
 Hiçbir kargaşaya yer yok.,p
 Hollywoodun aşka bakış açısı işte.,o
 İlk izlediğimde gerçek bir film fragmanı olmadığını da anlamıştım.,o
 imdb 250 listesinde bile bu film yok.,o
 işte böyle tatlı bir film olur.,p
 İşte Titaniğin konusunu okuyunca da ben aynı şeyi düşünüyorum.,o
 iyi bir film ama 10 numara değil bence,p
 İzlediğim en iyi filmlerdendi.,p
 İzlemenizi tavsiye ederim.,p
 izlemeyen kalmışmıdır bilmem ama şiddetle tavsiye ederim.,p
 izlemeyen varsa eğer bir an önce izlemesini öneririm.,p
 izlenebilir mi ?,n
 izlenesi filmlerden bence.,p
 İzlerken sıkılmıyorsunuz ama salondan cıktıgımda '' off canım sıkılıyor bişeyler yapalımmı?,n
 J.Aniston ın hiç mi umut yok diye sorduğu sahnede kıracaktım televizyonu!,o
 james cameron çok nadir film çekmiş ama müthiş çekmiş,p
 James Cameron hem yönetmenlik yapımcılıkta en iyisi.,p
 Jennifer Lopez eh işte diyorum.,n
 kAÇIRMAYIN DERİM.,p
 Kaçmamalı.,p
 Kadınlar ve para birleştiği zaman zaten perişan olmamak mümkün mü :),o
 kahraman kimdir?,o
 kanal dde sürekli verirlerdi.,o
 kate winslet ve leonardo di caprionun aralarındaki yaş farkının çok fazla olmasına rağmen o kadar iyi oynuyorlarki izlerken size hissettirmiyorlar bile.,o
 Kate Winsletin yaşlılığını oynayan Gloria Stuartda rolünün hakkını vermemiş.,p
 kaza ve batma sahneleri iyi planlanmış.,p
 Kesinlikle aldanmayın.,o
 keşke ölmeseydi jack en sonunda onu hatırlayınca çok üzülüyorum ve kendimi geminin içinde hissediyorum ,o
 kısaca başyapıt,p
 Kısaca Titanik bana göre heyecanlı olmayan bir macera filmi  çarpıcı olmayan bir aşk filmi  hiçbir şekilde James Cameron filmine benzemeyen bir James Cameron filmi.,n
 kısacası TİTANİC bu güne kadar izlediğim en güzel film.,p
 kıstası haline geldiği bir kültürel ortamda bu bilerek görmezden gelme tavrına şaşırmamak mı gerekiyor?,o
 kız arkadaşınızla birlikte gitmenizi tavsiye ederim.,o
 konusuda cok iyiydi.,p
 kotu bir film.,n
 Kulağıma çok tipik geliyor.,o
 kusursuz bir film 10,p
 leonardo di caprio olmasaydı ergen kız filmi bile olamazdı.,n
 Leonardo Di Caprio'nun diğer filmleri de güzel ama TİTANİK keinlikle en iyisi)Ayrıca diğerlerine katılıyorum  bence de 9 1 puan çok az ben 10/10 verdim.,p
 Leonardonun bütüm filmleri güzel  izlenmeye değer,p
 Leonardonun bütün filmlerinden bazı bölümler kullanılarak yapılmış bir fragman.,o
 leonardoya oscar vermeyenler bence çekemeyenlerdir.,p
 Lopez olmasa 10 olacaktı.,n
 Lopezi sevmem ama eyi oynamış.,p
 Louis (Leonardo DiCaprio) geçmiş.,o
 Louis ölmüş  yerine kibirli ve acımasız varisi XIV.,n
 Mantık düzeyi de gayet iyi.,p
 Moulin Rouge ile mi karıştırdılar acaba?,o
 Muhteşem gerçekten herşeyiyle müziğiyle  kostümleriyle  kamera ve efekt teknikleriyle sinema tarihine damga vurmuştur.,p
 mukemmel tek kelimeyle,p
 Mutlaka izleyin demeyeceğim.,n
 Mutlaka uğrayın.,o
 Ne aşklar var  gerek bizim edebiyatımızda  gerekse filmlerde  onun için buradaki aşk öylesine bir aşk diye düşünüyorum.,o
 ne desem az gelir mükemmel ötesi bir film.,p
 Ne kadar sıradan değil mi?,o
 Ne söylesem yetmez.,p
 O filmin devamı niteliğinde ama Kaçak'ın yanına pek yaklaşamıyor film.,
 oda eh işte öyle çokda iyi bir film değil,n
 outofcomment  adamım sen filmden anlamıyon bence.,o
 oyuncu kadrosu çok iyi ve başarılı.,p
 oyuncu kadrosuda iyi.,p
 oyuncular ve çekim açıları kendine hayran bırakıyo.,p
 oyuncular zaten harika.,p
 örneğin 3. sınıf yerindeki dicaprionun 1.sınıftaki insanların yanlarına rahatça girmesi anlamsız vb şeyler ama film kesinlikle görülmeye değer.,p
 Özellikle filmin son bir saatini açıklayabilecek bir laf bulamıyorum ve ""işte sinema"" diyorum.,p
 Özellikle sakin kafa ile izlenmesi gereken bir filim.,o
 özellikle the abyss filmi bu filme nazaran çok daha kaliteli ve kurgusu açısından sürükleyici,n
 Penn her zaman ki gibi karizmasını konuşturmuş.,o
 Porthos (Gérard Depardieu)  daha şişman ve yaşlı olsa da  hala eski zamanlardaki büyük savaşları özlüyor.,o
 Puanım 5.",o
 Puanım daha da düştü.,n
 rourke'un oyunculuğu kısa ama filmde akılda kalan belki de en önemli şey!,o
 Sabırsızlıkla bekliyorum .,o
 sadece ben değil arkadaşlarında yorumları aynı oldu.,o
 Sadece d'Artagnan (Gabriel Byrne) silahşörlerin başı olarak krala hizmet ediyor.,p
 Sadece Kate Winslet  rolün altında kalmış.,o
 Sadece zaman geçirmek ve de Tommy Lee Jones için izlenebilir.,n
 sayılacağı bir film demek istiyorum o kadar.,p
 Sean Penn harikulade bir oyunculuk.,p
 Senaryo da yenilir yutulur cinsten.,o
 Senaryo ve kurgu çok iyi.,p
 Sıkılmadan izlenen bir film.,p
 Silahşörler  bir milleti kurtarmak için yeniden birleşip şimdiye kadarki en tehlikeli görevlerini yüklenmek zorundalar :,o
 Silahşörlerin hizmet ettiği büyük kral xIII.,p
 Snipes bu rolleri güzel oyunculukla kotarıyor.,
 Sonra bende gidip filmi kiralayıp yeniden izleyeyim dedim.,o
 sonrasında ne olacagını merak ettıgınız bırcok sahne vardı.,o
 süper oluyo.:),p
 şimdiye kadar 20 kere falan izlemişimdir her izlediğimde de aynı etkiyi bırakmışır bende.,p
 tabi bunun yanında james cameronun rolu cok buyuk.,p
 Tabi ki dev oyuncu kadrosu da cabası.,o
 Tabii ki ben ana fikri hepsinden daha cok beğendim lakin baş rol oyuncularının da performanslarının filmi ateşlediğini söylemeden geçemiyeceğim.,p
 tam 3 saat boyunca sizi koltuklarınıza çiviliyor.,p
 Tam bir zengin züppe rolünü oynamış.,o
 Tam oscarlık.,p
 Tavsiye ederim,p
 Tavsiye edilebilir.,p
 tbrikler,p
 Tek kelimeyle mükemmmel.,p
 Tekrar tekrar izlemek istiyorum.,p
 tekrar tekrar izlerim ve de bıkmam.,p
 Televizyonda gösterilen herhangi bir pembe diziden bir farkı yok filmin yönetim ve görsellik olarak.,o
 TİTANİC e 9 puan verdim bu puanı çok az film e vermişimdir.,o
 Titaniğin kurgusunun ne kadar sıradan olduğunu görmek için Mementoyu hatırlayın.,o
 Tommy Lee Jones ise Kaçak'taki performansından biraz uzak.,
 tv de yayınlanınca bu türüde seviyorsanız izlemelisiniz :)),p
 tvde her oynayışında sıkılmadan yine izliyorum  sayısını hatırlamıyorum.,p
 unutulmaz ve unutulmayacak bir başyapıt.,p
 usta yönetmeni sean penn ve nick nolte de iyi oyunculuğuyla desteklemiş bu arada lopez'de oldukça iyi iş çıkarmış hiç sırıtmıyor filmde,p
 ü sünü izledim o bile gayet iyiydi.,p
 val kilmerin oyunculugu harikaydi bence.,p
 Vasat   yeşilçam havasında büyük bütçeli amerikan filmi.,o
 Ve büyük felaket.,n
 Ve halen bu hatunun sinemada ne işi var diyorum.,n
 ve saygısızlık olur.,o
 ve son derece romantik bir film.,p
 Yaklaşık 3 saatlik olmasına rağmen sıkılmadan zevkle seyrettim.,p
 Yani  hani bir uçak kaçırılır  bir özel tim oluşturulur ve hava korsanlarını etkisiz hale getirmek için harekete geçilir.,o
 yani harison fordun kacağı nerde bu nerde.,o
 Yani yine hatırlatıyorum zevkler ve renkler meselesini ama Leon u  Cesur Yüreği  Er Ryan ı Kurtarmak ı veya 12 Kızgın Adamı izleyen bir insan nasıl olur da bu filmlerin Titanikten daha zayıf olduğunu düşünür?,o
 Yerimden hiç kalkmadan soluksuz izledim.,o
 Yıl 1660 ve Fransa zor günler geçiriyor.,n
 Yine de izlenmese daha iyi olabilecek bir film.,n
 Yine o artık duymaktan bıktığınız şeyi söyleyeceğim  zevkler ve renkler tartışılmaz.,o
 Yorumsuz bırakıyorum.,o
 zaten bi cesur yüreğe bide bu filme hastayım.,p
 zaten ikisinide syreden hemen anlar.,o
 Zengin  kötü kalpli oğlanımızda var.,o
! yorumlara veya oyuncu kadrosuna aldırmayın iğrenç ötesi bir film.,n
!!Sean penn ve Nick Nolte döktürmüş bence :o))",p
!!titanic hayranları titanic 2 geliyor eğer bana inanmıyorsanızzz youtubeye titanic 2 yazın fragmanı çıkacaaakkkk çoook mutluyum yhaaaaaa yazın sinemada olacak ewt Jack donmuş bir vaziyette hayata geri döneceeeeeek yine leonardo dicaprio oynayacak ama magyajla gençleştirecekler benden bu kadar detaylar için bana e-mail atabilirsiniz tabi biliyorsanız!!!!,p
) işte konu bu,o
)yarı şaka yarı ciddi oldu son cümle ama toplumsal hafıza yerlerde sürünüyor.,
.  10 /10dan başka ne verebilirim ki.,p
. Abartıldığı filan yok .,o
. abd de özellikle kamuoyunun ilgisini skandallardan başka yöne çekmek için iktidarın uyguladığı ""spin doctoring"" i çok ince ve hafif alaycı şekilde anlatırken yönetmen mizahi bi anlatımı seçmiş.,o
. Aldığı bütün oscarlarıda sonuna kadar hakeden bir film.,p
. ama bilindiği üzre hiç bi yapım kitabın yerini tutamıyor.,o
. ama daha fazlası yok.,n
. Ama kıyaslanamıcak kadar büyük fark var aralarında .,o
. ancak çok durgun ve sade geçen bi film 4/10,n
. bazı filmler vardır,o
. bence film çok güzeldi.,p
. bence rezalet bi filmdi.,n
. bir diğer gerçek ise 11 oscar a layık olmaması ama yinede izlenmesi gereken güzel bir film,p
. biraz da durum orjinal işte.,o
. Böyle iki oyuncunun bir araya geldiği bir film böylesi sıkıcı olamaz ya.,n
. bu kadar kötü bir krala bu kadar bağlılık fazla diyordum ama öz ve öz oğluymuş.,n
. bu puan bu fiLme qerçeqten çok az.,o
. Film izliyorum diyen birisi varsa önce bu filmi izlemeli :),p
. gerçekten başlı başına bir yapıt,p
. ilk başlarda dartanyanın kralım da kralım demesine bir anlam veremiyordum.,o
. İzledğm en güzel film diyebilirim.,p
. kesinlikle izlenmesi gereken bi film.,p
. kesinlikle izlenmesi gereken bir film",p
. Kraliyet koruyucularının en cesurları ve en iyileri olarak  efsaneleşmiş kahramanlıkları ve tutkularıyla savaştıkları zamanın üzerinden yıllar geçmiş.,o
. kurgusu oyunculukları ve sıradısı sahneleriyle hoş bi filmdi.,p
. Not:Bu filmi izleyipte hiçte korkunç değildi diyen arkadaşlar yalan söylerler adım gibi eminim.,o
. o listeye göre 7.3 almış sıradan bi film bu.,o
. onu öğrenince nedenini anladım.,o
. Sahnelerini saniyesi saniyesine ezbere biliyorum artık ama bidaha izlemektende asla sıkılmayacağım gerçek bir başyapıt.,p
. süperrrrr!!!!,p
. Şoktayım şu an .,o
. Titanic tamamiyle farklı.,p
. veyada bir film 12 sene sonra bile kendine yoru yazdırıyosa puana gerek yok,p
. yağmurlu bir günde sinema sinema dolaşıp köşede sandalye üstünde izlediğim bir film.,o
. zaten doğal afet ile ilgili filmler gittikçe saçma olmaya başladı.,n
.! mükemmeL bir yapıt,p
.",
..,
..,
..,
..,
..,
..  sakın adam sandlerin saç şekline bakıp izlememezlik etmeyin :,o
.. 8 puanlık deil.,n
.. beni ağlatabilen sayılı filmlerden biri.,p
.. bir klasik!,o
.. böyle harika bir konu.,p
.. böyle iyi oyuncular.,p
.. Bu film çıktığında bu kadar etkileyici hangi film varmış?,p
.. Çok bayık bir film olaylar ilerlemek bilmiyor.,n
.. çok kere izlemişimdir.,o
.. diğer filmlerin güzelliğini titaniğe göre yaparım.,p
.. Efektler  oyunculuk.,o
.. eh işte.,o
.. film mükemmelde ve 6 1 çok üzerinde bir puan alması gerekirdi.,p
.. Filmde Drew ile bir numara oluyor.,p
.. herşey muhteşem.,p
.. hiç bir şeyin tükenmedigini bu filmde anlayabilriz,o
.. izlemeyeniniz var mı cidden?:),p
.. Kurtlarla Dans'ta her şey yolunda gitmiş olabilir.,o
.. muhteşem bir film.,p
.. mükemmelin üstünde.,p
.. oyuncuLar da son derece kaLiteLi.,p
.. Son derece sıkıcı.,n
.. sözün bittiği yer,o
.. TİTANİC gelmiş geçmiş en mükemmel film  gerçek bir felaketten esinlenilmiş harika bir eser titanici izlemeye bıkmadım ve bıkmıycam james camerona ayrıca tşkler ediyorum",p
.. yinede güzel bir film.,p
..(İlk kez Leonardo Di Caprio hayranı olmamı sağladı.,p
...    ""Rose tatlım,o
... izlemeyen varsa hala muhakkak izlesin lütfen.,p
... öle bir film işte sıkılarak izlenebilen.,n
.... tekrar tekrar izleyecigim filmler den biri .,o
....postman'in amerikan toplumunun korkularına muhafazakar nitelikli bir cevap olduğu doğru.,o
...eminim filmi tamamlamayanlardır .,o
..ablam sagolsun sayesinde 510321 kere izlemişimdir ama yinede bıkmamıştım.,p
..aldığı 11 oscarın hakettiğinin altında bile olduğu söylenebilir.,p
..-ama bu 56 mustang in radyatör hortumu !,o
..Ama gercekten buna değer.,p
..Ama tür ne olursa olsun tarzında değişiklik yok.,o
..ama usta oyunculara gitmemiş.,n
..aşığım bu filme (:,p
..başyapıt değil belki ancak ben sean penn için izlemiştim filmi ve kurgu  oyunculuk  görüntüler mükemmel  her zaman izlemeye değer.,p
..bence önemli bir bilimkugu idi su dünyası.,o
..Bu adamın yönettiği filmler kendi kulvarında bir numara.,p
..bu film hakkında herhangi bir yorumun olmaması şaşırtıcı.,
..Bu filme o kadar oscar nasil verilmis  hayret dogrusu.,n
..bu filmi begenemyenleri anlayamıorum.,p
..en ufak ayrıntısı bile kaçırılmadan çekilen özenli sahneleriyle ve sizi alıp titanic'in güvertesine götüren harika müzikleriyle başarısı tekrarlanamayacak bir ekol.,p
..filmdeki adamların hepsi insanı katil edecek türden.,o
..filmin ilk yarisinda ""zengin kiz-fakir erkek"" sacmaligiyla tam tamina 1 5 saat kaybediyor seyirci.,n
..gerçek bir aşk.,p
..harika ya ama sinemada izlediğim zevki vermiyo.,p
..Heat ve ilk görüşte aşkta da iyi performans sergiledi.,p
..hem macera hem de gerilim dolu.,p
..herkes filmde iyi iş çıkarmış.,p
..inanılmaz bi aşk hikayesi :(,p
..izlemekten asla bıkmayacağım bir baş yapıt.,p
..İzlemeye hiç gerek yok.,n
..izlemeyen kaldıgını düşünmüyorum ama varsa kesinlikle izlesin.,p
..izleyin diyorum.,p
..-karısını öldürüp hayat sigortasından para almak isteyen bir pisliksin.,o
..kötü olması mümkün mü?,p
..Müziği oyuncuları konusu seyircide bıraktığı izlenim gerçekten çok hoştu.,p
..müzikte süperrrrr,p
..nick nolte ve sean penn arasındaki bir başka diyalog.,o
..Ondan sonra geminin batma sahnesi bence tam bi hayal kirikligi.,n
..Oyuncular  yapmacik rol kesiyorlar  bilhassa Di Caprio.,?
..özellikle o ince senaryosu hoş olmuş.,p
..rezil edecekler filmi,n
..saçma bir konuyu nasılda filim yapmışlar maşallah,n
..sayısız kez seyrettim her defasındada duygu yoğunluğum son safhaya geldi.,p
..seyretmeyen kalmamıştır eminim ama bu film bir başyapıt bence yüzlerce kez seyredilse her defasında ayrı bir haz veriyor.,p
..sınıf farkı kırılıo.,o
..son derece milliyetçi olduğu söylenebilir.,o
..Sonu da çok acıklıydı.,p
..sonuda kötüler cezasını bulur tarzında.,o
..Tüm Dicaprio sevenlerini siteme bekliyorum.,o
.aldığı puanı tam hakediyor.,p
.arkadaş bırak 5 i 250 de yok.,o
.ayrıca sen esaretin bedeli godfather iyi kötü çirkin schindlerin listesiyle mi kıyasladın bu filmi anlayamadım.,o
.batan bir gemiyle birlikte yok olan mutluluk.,o
.Belki nedeni yeni nesilin sinemaya daha çok ilgi göstermesidr.,o
.bır basyapıt gercekten.,p
.bir aşk için kendi cdanını hiçe sayan bir aşığın ve sevdiğinin ölümüyle hayatı boyunca yatağında uyurken ölmeyi bekleyen bir kadının hikayesi.,o
.bir benzeri yok.,p
.çok akıcı eglenceli en sevdiğim olıver stone filmi.,p
.Çok etkilendim,o
.dediğim gibi izleyin.,p
.eve dönerken metroda bile ağlamıştım..:),o
.Evet bu film gerçek bir başyapıt !,p
.filimin gerçek adı u dönüşü.,o
.filmde jack tekrar hayata dönüyor gecmiste olanları öğreniyor vs vs vs iyice suyunu cıkardılar isin.,n
.filmin hepsini dikkatle seyreden izleyici filmin sonunda ne kadr büyük 1 film oldugunu anlar.,p
.fragmanı bile var.,o
.gerçekten çok harika artık replikleri ezberledim ama insan bıkmıyo :),p
.İzlemeyenler arkadaşlara aşırı tavsiyemdir.,p
.izlemeyenlere şiddetle tavsiye ederim.,p
.jean reno ya hasta olmuştum bu filmde.,p
.jennifer bile iyi iş çıkarmış.,p
.kesinlikle cok etkileyici.,o
.kimin hayatında onemli bi yere oturmamışdırki tıtanıc,p
.kurgu harika.,p
.o bir efsane.,p
.O kadar da kötü değil aslında orta düzey bi yapımm,o
.o zman askın ne oldugunu bılmeden bıle baya bır aglamıstım.,o
.okadar hızlıki çoğu zaman yetişmekte zorlanıyorsunuz.,p
.olsun yine de harika!,p
.oyuncular çok iyi ama bu filmde performansının tamamının sergileyememiş.,p
.-sende onu para için öldürmeyi göze alan bir piçsin.,o
.soluk soluğa izlediğim nadide filmlerden.,p
.son sahneleri de çok ii di.,p
.Sonu da ilahi adalet budur denilen türden.,o
.sözcükler bile yetmiyor filmin güzelliği karşısında,p 
.the postman için de hep olumsuz şeyler söylendi.,n
.travoltaya aldanarak dvdsini aldıım.o,
.tüm çarpıcılığıyla olağanüstü.,p
.uzun zaman oldu seyredeli,o
.Yıllarca unutlmayacak yapımlardan.,p
:) Gabriel Byrne ile Di Caprio'nun nesi başarılı?,p
1 5 milyon dolar değil tabiki 1.5 milyar dolar olcak aşağıdaki yorumda.:),o
1 milyar 850 milyon dolar hasılat başka söze gerek yok.,p
10 numara bir fılm mutlaka izlenmeli bu arada jennifer lopez oyunculuktan şarkıcılıga gecmiştir o zaten oyuncu yani iyidir de,p 
10 puanı sonuna kadar hakediyor bu filme 10puan altında verenler benim düsüncem filmi beğenmeyenler 9 verilmez 10puan kusursuz bir film,p
10:10 değil 100 Ü hakeden bir film bir başyapıt.,p
100 kere izlemem için önüme koysalar 100 de de bıkmadan izleyebileceğim nadir filmlerin en başında gelir!,p
10tam puanı sonuna denk hakediyor.,p
11 dalda 11 oscar daha ne gerek söz söylemeye,p
11 oscarı hak eden bir film,p
11-12 yıl falan oluyor izleyeli.,o
14 dalda akademiye aday olup 11 ini almıştır ama o 14 dalda aday olduğu katgoride n iyi senaryo dalında 2 sindede adaylığı yok yhani akademide bunun farkındaymış ama yinede her şyiyle iyi filmdir her zaman benm ilk 100 giriş yapacaktır.,p
14-15 yaşımda okumuş olmama rağmen hala aklımda kitabı gerçekten hoştu.,p
1997 nin filmi olması lazım ama mutlaka izleyin.,o
1997 yılında sinemada izlediğimde hissettiğimle aradan geçen 10 yıl sonunda belki 20 defa izlememin sonunda gene aynı şeyleri bana sıkılmadan hissettiriyorsa bu film bir başyapıttır.,p
'2 dediğimi hatılıyorum!,o
2. serinin fragmanlarını gördüm ilki kadar heyecanlı gözükmüyor konudan biraz sapılmış sanırım ama yinede merakla bekliyorum.,p
2.sinin cekılmesi yanlıs.,o
2001 uzay macerası tadında bir filim yapmaya çalışmış başlangıcı kötü ama filim ilerledikçe gerilimi artan bir temposu olmasına rağmen yinede istenilen sürükleyiciliği ve merakı veremiyor müzikler yetersiz eğer bu tarzda gerici bir filim izlemek istiyorsanız solarisi izlemenizi tavsiye ederim,p
"2007 ye geldik hala daha kendine yorum yazdirabiliyorsa hemde hala izleyenler varda etkisi altina girip hemen ikinci yorumunu yazmaya calisiyorsa iste bu film gerçekten ölümsüzdür demektir.,p
 bu filmin hayatimda cok önemli yerleri var.,p
 her zaman benim ""first lady""imsin titanic.,o

titanic hayatımda izlediğim en güzel film o kadar çok izledim ki sayısını bile bilmiyorum fakat yinede her izleyişimde ilk izlediğim zaman ki duyguları tekrar tekrar yaşıyorumherkese tavsiye ederim,p

Muhtesem bir film söyleyecek baska söz bulamiyorum,p

harika bir film    4 kez izledim """,p
23 kere izledim.,p
3 puanda :S çok acımazısca yhani n azından 200-250 arasında olsaymış.,p
4 4lük bir film.,p
4 silahşörler in beyazperdeye geçişini oldukça başarılı buldum.,p
"4-5 sene önce izlediğimde fazla etkilenmemiştim sadece kıyafetler çok hoşuma gitmişti.,p
.filmdeki romantizmi anlamamıştım.,o
şimdi tekrar izlediğmde gözlerim bazen dolmuyor desem yalan olur:),o
çok güzel senaryo müzik kostüm+makyaj oyuncular.,p
..zaten en sevdiğim dönemler o dönemler.,p
.çok eğlenceli sahneler de var çok hüzünlü sahneler de.,o
.hala izlemeyen kaldıysa mutlaka hemen izlemesi gerektiğini düşünüyorum..!",p
5puan verdim o da anistonun güzel yüzünün hatırına.,n
80 lerin saçları bomba bunu bi kez daha hatırladım .,o
80'lerin naif havasını ve tüm hit parçalarını barındıran film bu açıdanda izlemeye değer bir yapım.,p
9 puan bu film için çok az.,p
9.2 ne ya böyle kusursuz bir filme çok az kalmış ben 10 verdim 9 verenler nerden kırdılar çok merak ediyorumm bu film 10 almıycaksa hangi film alır?,p
97 yılının en iyi filmi.,p
abartılacak bir film değil ben ortada öyle büyük bir aşk da görmedim gerilim yok heyecan yok poseidon filmine aşk katın alın size 2 kat güzel bir film.,n
abartılıyor mu hah abartıldığının hakkını veren bi film çok güzel bi aşk filmi sahneleri ezberledim artık ama hala izleyebilirim.,p
abartısız harika seneryo yönetmenlıkde harıka sean başlı basına bi adam cok ıyı oynuyo ızlenir,p
abartmayın lütfen caprio var diye!,n
açıkçası izleyeli çok oldu.,o
Adaletisiz dünyanın yarattığı sosyal farklılıkların küçük bir kapanda doğal seleksiyonu.,o
adam çeliktenn!,o
adam sandler bu filmde sadece oyunculukta değil şarkı söylemede de ne kadar başarılı olduğunu gözler önüne sermiştir.,p
adam sandlerin 80lere damgasini vurmuş culture club şarkısını yorumlamasıda ayrı bi lezzet hele discoda new order blue monday şarkısını duymakta ayrı bir zevk,p
Adeta Amerikan misyonerliği yapan Holywood un aynı zamanda kendi toplumun  çöküşünü beyaz perdeye yansıtıyor.,o
ağladığım ender filmlerden.,o
ah!ne güzel bir filmdi Allah'ım,p
Ahlak anlayışının yerin dibine girmiş.,o
akademi ödülü ise abartılı.,o
Akıcı klsik bi tarzda kurgusu var ii idare eder.,p
aksiyon yonunden Brosnan'in oynadigi diger Bond filmlerine bir parca fark atiyor.,o
alkışı ve ödülü fazlasıyla hak ediyor.,p
ama aldığı puan cok az.,o
ama ben filmin ele aldığı çok önemli bir konunun es geçilmesine üzüldüm.,n
ama bu konuyu başka türlü nasıl anlatabilirsiniz ki?,o
Ama bu taktiğin uygulandığı yer sadece amerika değil.,o
Ama en iyisi değil bence.,o
ama genede izlenmesi gerek çünkü hoşbir konusu var ne olursa olsun.,p
Ama imkansız her zaman imkansız mıdır?,o
ama niyeyse val kilmer suanda hakettiği yerde değil maalesef.,n
ama o donemi guzel yansitmis amcalarimiz,p
ama özellikle lopez ve sean penn mükemmeldi.,p
Ama şimdi bakıyorumda özellikle bu sitede bu filme karşı bir ön yargı var.,o
ama şimdi pek rastlamıyorum.,o
Ama yinede yılına göre iyi film.,p
amaizlemeyenlere kesinlikle tavsiye ediyorum.,p
Anlatılacak bir şey deqil.,p
annemle sınemasına gıtmıstık daha 2 ye gıdıyordum.,o
arkadaşlar bence bu film 10 değil 110 u hakettmiyormu bi daha böyle film gelmez,p
arkadaşlar biz bir anket yaptık dünyanın en güzel kadını kim diye ve kim olabilir tabi ki kate winslet,p
arkadaşlar bu filme yorum yazmaya gerek yok ztn böle bir filmde yok olamazda bu derece aşk ı dram ı romantizmi bir araya getirmiş bir film daha olduğunu sanmıyorum böle filmler eskimez.,p
arkadaşlar bu tür filmler her zaman bulunmaz bence ne yapıp edin ve bu filmi izleyin.,p
arkadaşlar titanic 2 diye bi film çıkmicak o fragmanı dikkatli izlerseniz leonado di caprionun çevirdiği filmlerden alıntıla yapılark hazırlanmış bi fragman yani gerçek film değil hem olsa bile duyardık imdb felan.,o
arkadaşlar yapmayın bu bir devam filmi değil sonuçta bence kendi aykları üstünde durabilen bir film ve temposuda gayet iyi ve akıcı ben beğendim valla bikeredende fazla izledim hemmm iyi bir macera,
arkadaşlarrr mutlu bir haber vereceğimm sizeeee!,o
arşivimdede yeri war.,p
artık yorumumu anlamısınızdır:D,o
ask macera dram hepsi oyle guzel butunlesmis ki film ne kadar uzun olsa da iznsan bitince uzuluyo.,p
aslında bu filme cok fazla yorum gerekmiyo.,p
Aslında film bir tezatlığıda gösteriyor.,o
aslında konusu son derece ilginç ve düşüneülmesi gereken bir film ve son derece hoş bir film biraz uzun olması her ne kadar baysa da yine de izlenebilir.,p
Aslında nerden başlayacağımı bilmiyorum.,o
Aslında o kadar abartılacak bi film değil ama yinede beğendim.,p
aşık olmaya aşık oldurur bu film.,p
Aşırı Mükemmel.,p
Aşk Filmi denildiğinde akla ilk gelen film,p
aşk filmi mi felaket filmi mi belli değil ama finali iyi çekilmişti,p
aşka inanmak için daha iyi bir neden gösterin.,o
Atmosfer  oyunculuklar  efektler her şey mükemmel.,p
avatarın bu filmi gectıgıne ınanamıyorum ıkısınıde ızlemiş bırı olarak sonucun bu olmaması gerektıgını dusunuyorum.,o
Avatarın hasılat olarak bu filmi geçmesine inanamyorm.,o
Ayrıca bu kadar basit bir konu neden bu kadar abartılmış bilmiyorum belki müziğinden olabilir.,o
ayrıca david brin'in romanını da okuma imkanım oldu (haberci-metis yayınları) filme göre ilginç farklılıklar var.,p
ayrıca''tum zamanlrın en kötu fılmı''gıbı bı kategorıde yer almayı hak ettiini hıc dusunmuorum!,o
babam ve oğlum dahi bundan cok daha yuksek almıs.,o
bakın filmlerine çok aralıklı çekilmiş.,o
Bana biraz tarantino tarzını hatırlatsa da büyük keyif aldığım bir film oldu.,p
Bana göre 10 puanı fazlasıyla hakkediyor.,p
bana göre daha iyisi  var .((notebook)),o
bana sinemayı ve filim izlemeyi sevdiren bir filim.,p
Baş yapıt sayılacak filmler arasında,p
baş yapıt.,p
başından sonuna kadar 3 saatlik enfes bir macera,p
baştan sona gözümü kırpmadan seyrettiğim ve sonundada gözerimin dolduğu ender filmlerden birisi.,p
Baştan sona şaşırtmaca üzerine kurulu bu ilginç Oliver Stone filminde Bobby Cooper'ın kasabada gitgide ne kadar çaresiz bir duruma düştüğünü izliyoruz.,p
"Baştan sona tam bir felaket filmi tanımlaması.,n
 Bir film ancak bu kadar belli eder ne olduğunu.,n
 Açılıştan çekimlere  müzikten espirilere  karakterlerden karekterlerin aile yapılarına kadar her şey olması gerektiği gibi duruyor.,p
 Gösterime girdiği tarihte belki her şey bu kadar ezbere  oturmuş bir durumda değildi(belki de öyledi kimilerine göre)  ancak şu an itibariyle filmdeki olayların gidişatı için Matrix'ten kahine başvurmaya gerek yok sanırım.,o
 bütün bir senaryo bilinen bir denklem üzerine kurulu yani.,p
 bu durumda geriye pek olasılık kalmıyor.,o
 finali tahmin edin örneğin.,o
 tam tamam  kurtulduk derken yeniden bir olay patlak verir ve o işten kurtulduktan sonra da malum son kareler  herkes kısmen de olsa mutlu mesut bir şekilde hayatına devam eder.,p
 bu hikaye de burda biter.,o
 çocuk masalları gibi  hepsi de aynı taşlar üzerine kurulu.,o
 sonuç,o

biraz fazlaca fantastik görünsede zevkle izlenebilecek bir film yani amerikanın ortasında bir volkan bunu düşünen senaristi kutlamak lazım.,p

los angeles'in tam ortasında bir volkan.",o
batışı ile gişede fırtınalar koparan efsane drama.,p
bayağı değişmiş.,o
Bazı basit sahneler var ama izlenmesi gerek.,p
Beklediğim kadar iyi bir film değil.,n
ben 10 uzerinde 10 verdim  eminim zaten herkes izlemistir ama ilk defa sinemada izlemek ayri bir zevkti ",p
ben begendim.,p
Ben beğendim ve beş üzerinden dört veriyorum.,p
ben böyle bir filmin neden hala meşhur olmadığını çözemedim.,p
Ben bu filme 10 üzerinden 8 puan verdim.,o
ben bu fiLmi cok begendim.,p
ben bu filmi çok beğenmiştim aldığı puanın üstünde bir film.,p
Ben Bu Filmi Daha Yeni İzledim Keşke Daha Yeni İzlemeseymişim Bu Filmi Bu zamana Kadar Nası İzlememişim anlamıyorum tek kelimeyle harika bir film,p
ben bu filmi izlemeden önce demekki hiç film izlememişim.,o
ben bu uçakta ki terör filmleri seyretmekten bıktım yapımcılar milyon dolarlar verip bunun gibi filmler yapmaktan bıkmadılar.,n
ben çok sevdim her ne kadar leonardo filme pek yakışmasada gerçekten çok güzel film.,p
Ben izlerken bu kadar çok eğlendiğim bi film daha hatırlamıyorum.,p
Bence 10/10 numaralık bir film.,p
bence aldığı oscarları haketmiş.,p
bence bu film artık bir klasik oldu.,p
bence çok güzel ve sürükleyici bir filim yani neden beğenilmediğini anlamdım.,p
bence di caprio nun en güzel filmi,p
Bence en güzel film TİTANİK,p
bence gayett iyi ve etkileyeci bir filmmmdii.,p
Bence güzel bir filmdi.,p
bence güzel bir filmdi.,p
Bence güzel bir filmdi.,p
bence hoş vakit geçirmek için seyredilebilir.,p
Bence iyi bir yapıt olmuş.,p
bence izlemeyen kimse kalmasın.,p
bence izlenmeye değer bir başyapıt,p
Bence Matt Dameon'un ilk filmlerinden birisi olmasına rağmen bence çok etkileyici bir performans sergilemiş.,p
bence son 15 yılın en iyi filmlerinden biri.,p
bence şahane ötesi bir film eski olduğuna bakmayın kesinlikle izleyin bu arada bu güne kadar ondan daha iyi bir film geldiğini sanmıyorum filmin puna bence 1010,p
bence tam anlamıyla süper bir film senaryo gelişen sahneler çok iyi.,p
Bence tam bir tarz filmi olmuş.,o
bence tarihin en iyi filmi çok süper bir yapım ses efektleri muhteşem bugüne kadar çok film izledim ama böylesini görmemiştim süpper,p
Bence tek kelime ile muhteşem bir film.,p
bence tıtanıc hayatımda izlediğim en ama en güzel flim defalarca izledim ve defalarca izlerim tıtanıcı ve leonardo dı caprio yu ççççççççççççoooooooooooooooooooooooook seviyorum onun bir numaralı hayranıyım,p
bence titanic süperin daha da ötesinde bir film harika bir senaryoo!,p
bencede filme yorum yapmaya gerek yok,p
Bende dahil o kadar çok kişi biliyorum ki bu filmi defalarca seyreden.,o
bende her filmde ağlamam ama Titanic'te özellikle Jack'in öldüğü ve sulara gömüldüğü bölümde ağlamıştım.,o
beni sinemanın büyülü atmosferine çeken duygu yüklü romantik bir film.,p
Benim favorilerimde hep en başta yer almış bir filmdir.,p
benim için gişe hasılatlarının hiçbir anlamı yok.,n
benim için hayatımda izlediğim filmlerin en iyisi 10/10 p,
benim içinde gerçekten muhteşem bir film .,p
benim şimdiye kadar izlediğim en iyi aşk filmi diyebilirim,p
berbat bi film.,n
berbat bi yeniden çevrim mükemmel oyuncular var ama harcanmışlar hiç kendilerini senaryo yüzünden gösterememişler 2/10 7 7 yi kesinlikle haketmiyo,n
berbat denecek kadar kötü bi film değildi bence Wesley snipes in tam manasıyla oynayabileceği bir rol tam ona göre ama şu da bi gerçek kaçak tan bayı uzak bi performans sergiliyor film ,
berbatta olsa bu alanda en iyisi turbulence,o
bıkmadan.,p
bıktık artık böyle filmlerden.,n
bi de bond un yaralandığı hiç olmadı sanırım.,o
bilim kurguya felaketin eklendigi filmleri seviyordum zaten bu yapımda bunun üzerine kuruldugundan soluk almadan izledim.,p
bill bob thornton ve sean penn arasında geçen çok enteresan bi diyaloğ.,o
bir 23 kere daha izlerim.,p
bir adam gittiği kasabadan nasıl ayrılamaz:,o
bir başyapıt,p
Bir başyapıt.,p
bir daha aynı başarıyı ve populariteyi yakalayack bir filmin geliceğini sanmıyorum.,p
Bir daha böyle bir film gelir mi acaba?,p
Bir film  aşkı bu kadar güzel anlatabilir.,p
bir film bu kadar güzel olamaz yaa.,p
bir filmin üzerinden tam 13 sene geçmesine rağmen hala o filmle ilgili yorum yapılıyosa zaten söylenecek birşey yok lütfen mümkünse bu film hakkında yorum bile yapmayalım.,p
bir iki efekt görmek için izlemeye değmeyecek film tommy lee jones da çok iyi diildi,n
bir kaç gün yine etkisinden çıkamıcam gibi (:,p
bir kadının yüreği sırlarla dolu bir okyanustur=Rose Dawson.,o
bir nükleer savaş sonrasındaki dünyayı tasvir edişi insanların çaresizliğini resmetme biçimi kısacası konusu.,o
Bir olayın üstünün nasıl rahatlıkla örtülebileceğine ve medyanın gücüne dair bundan iyisini bulamazsınız.,p
bir pazar sabahı kalkarsınız kahvaltınızı edersiniz ve tvde zaplarken bunu görürsünüz oturun izleyin gençler pişman olmazsınız.,p
Bir perişan oluşun öyküsü.,o
biraz daha gayret,o
biraz fazlaca fantastik görünsede zevkle izlenebilecek bir film yani amerikanın ortasında bir volkan bunu düşünen senaristi kutlamak lazım.:)),p
Biraz geç de olsa izledim.,o
"birbirine çok yakışan iki oyuncunun birlikte ilk filmiizleyipte beğenmeyen kimse yoktur heralde yorumlar hep olumlu yöndefilmin müzikleride bi harika romantik film sevenler için kaçırılmaması gereken bi film ""somebody kill me please!,p
!!!"" ---->filmdeki şarkının sevdiim en güzel bölümü:p

tekrar tekrar izlenecek müthiş bir film ben en az 20 defa izlemişimdir pişman değilim izlettğim onca insandan sevmedim diyen çıkmadı daha çıkacağını da sanmıyorum,p

50 ilk öpücük filmine yaptığım tüm yorumları bu film içinde söylemek istiyorum.,o
..eski bi film olmasına rağmen defalarca kendini izlettirebilen bi film.,p
.. müzikler falan çok olmuş ciddende herkesin arşivinde yer alması gerken filmlerden.p
.şiddetle tavsiye ediyorum 8/10p

çook önceden izlediğim bu filme bayılmıştım.p
adam sandler bu rolde çok şirin.,p
drew barrymore ile iyi bir ikili olmuşlar,p

Bu ikili bir araya gelir de filmleri kötü olur mu?,p
?Mümkün diil müthiş bi film zaten birlikte son yaptıkları 50 ilk öpücük de inanılmaz güzel bi film bu ikiliye dikkat çok yakışıyolar birbirilerine!!:)),p

Sandler ve Berrymore' ı yanılmıyorsan ilk kez karşılaştıran yapım birde 50 İlk Öpücük var ikisini de görmediyseniz görün derim.,p
 Gerçi bu film biraz eski bulmanız zor olabilir.,o

film pek tabii romantik komedi severlere ve Drew barrymore hayranlarına hitap ediyor bu bu koşulların ikisinede uyduğum için filmi oldukça zevkle seyretmiştim halende zaman zaman seyrederim.",p
Birimiz Hepimizi Hepimiz Birimiz için sözü size bişey çağırışturıyosa izleyin iyi film en fazla 2 izlemelik ömrü var ama-----İYİ SEYİRLER---,p
birkaç aksiyon sahnesi gerçekten insanı heyecanlandırıyor.,p
bole bir basyapıt nasıl 8.9 puan alır anlamıyorum.,p
böyle bi film kolay kolay gelmez bu ne kadar gerçekcilik 1997 yılının en  iyi filmi tebrikler teşekkürler :),p
böyle müthiş bir film.,p
Böylesine sıradan bir filmin 8 1 alması ilginç,p
Bu arada bence bu film tüm zamanların en iyi filmi.,p
"Bu arada filmin adını Türkçeye ""Kaybedenler"" diye çevirmişler.,o
 Bu çeviri üzerine kadim dostum Arda'yı anmadan edemeyeceğim.:)))",o
bu bir filmden çok öte benim için bir efsane,p
"bu çok ilginç ve bir o kadar da ürkütücü bir film  Penn kadar Nick Nolte de şairane bir performans sergilemiş yan rollerde bir çok iyi isim var Joaquin Phonex  Claire Danes  Liv Tyler da minik bir sahnede var.,p
.. Ama asıl sürprizi Lopez yapıyor  ortalamanın üzerinde bir oyunculuk sergilemiş",p
Bu eser hakkında fazla söz etmeye gerek yok gibi geliyor bana.,o
Bu farklılık bazı durumlarda iyi olmuş ama bana çoğunlukla kötü geldi.,n
bu fılme bu kadar az yorym yazıldıgına ınanamadım.,o
bu fılmı ızlemıyen yasamasın :D,p
bu filimi hiç unutmayacaım .,p
bu film 100 kez de izlesem hiç canım sıkılmadan izlerim.,p
bu film beğenilmezmi yaw.,p
bu film bence hareketli filmlerden hoşlananlar için ideal bir film.,p
bu film böyle çok daha iyi çıkarmaya gerek yok 2.sini.,o
bu film daha fazla puanı hakediyordu bence.,p
Bu film de öyle.,o
Bu film değilki bu başka bir şey.,p
bu film gişede neden başarılı olmadı anlamıyorum acyip güzel film benim için ilk 5 te,p
bu film hakkında söyleyebileceğim fazla bir yorum yok.,o
"Bu Film İçin Denicek Birşey Yok Sanırım  Gerçekten Çok Güzel Bir Film Film 17 defa izledim ve filmi izlerken hala sıkılmıyorum.,p
.. film harika 2 si gelicek dediler bekliyoruz hala :),p
 ama 2 si bunun kadar güzel olucağını pek sanmıyorum Bu Filmi Çoğu kişi izlemişdir ama izlemiyenlere tavsiyem kesinlikle izlemeleridir.,p

izleyinnnnnnnnnnnnn,p

titanic 2 nin fragmanını izlediniz mi jacki buzdağından çıkarıyolar hala genç kalmış biçimde çok deişik bi olay olmuş:s,o

titanik filmi gerçek yaşanmış bir film izledim gerçekten çok etkilendim mutlaka izlenmeli,p 

bu filmi ilq 14 yasımnda izlemiştim o zaman izledigimde cok hoşuma gitmişti ama cocuqluq aklı unutuyordum filmleri ama su an 17 yasındayım izledigimde aqlayacak oluyorum gözlerim doluyor böle filmi herkes yapamas filmdeqi adıylada jack ve rosa da hayranım 2 side süper kişiliqli yeteneqli oyuncular tebriq ederim ellerine saqlıq bu filmi yayalım izlemeyen arqadaslarımıza ulaştırmaya calısalım cünqü bilinmesi qereken cok qüsel filmlerden birisi örneq alıcagım kişiliq war içinde tşqler.,p

bayıldım sinemada izleyemedim ama cd sini aldım,o

hayatımın aşk filmi.,p

en son 3 yıl önce yazmışım bu konudaki yorumu mu heralde her 3 yılda bir de yazıcam galiba dediim gibi insana bu kadar yıldan sonra bile yorum yapma istegi veriosa bi film bu başka bişey heralde sadece kendim için demiorum her gün yazılan mesajlar başkalarınında aynı fikirde oldugunu gösteriyor yıl 2009 forever titanic.,p

Tüm zamanların en iyi romantik/dram filmi görüşlerini katılıyorum.,p

Müziğiyle atmosferiyle gerilimiyle romantizmiyle.",o
"bu film kadar güzel bir aşk romantik film yapılmadı.,p

sinemada 2 kere izledim.",o
Bu film kesinlikle izlenmesi gereken bir film.,p
bu film süper tam arşivlik film belki 100 kere seyrettim,p
bu film tambir beyin fırtınası  tavsiye ederim,p
bu film tüm zamanların en çok hasılat yapan filmidir.,p
bu film ve şarkısı çok güzel gerçekçi yapmışlar süper,p
bu filmde ağlamamak mümkün değil ya müthiş bi film ama insan sonunda üzülüyor ki buda buruk ancak güzel bir tat bırakıyor insanda :D,p
Bu filme diyecek bir şey bulamıyorum.,p
Bu filme en romantik film diyenler romantik film izlememişlerdir.,o
bu filmi anlatmaya kelimeler yeter mi ?,p
Bu filmi aslında her yeni yaşta izlemek gerekir.,p
Bu filmi beğenmeyenlerin kesinlikle duygudan mahrum kalmış insanlardır.,p
bu filmi beğenmiştim =),p
Bu filmi ben daha çocukken izlemiştim.,o
bu filmi çok bğendiğimi hatırlıyorum.,p
bu filmi geçebilecek bir film bilmiyorum.,p
bu filmi izlemeniz mümkün değil.,o
bu filmi kaç kere izlediimi hatırlamıorum ve hala izliorumm çok ma çok güzel bir film,p
bu filmi kısacık yorumla anlatmak çok zor.,o
bu filmi sinemada izlemiştim ve film rüyalarıma girmişti kendimi rüyamda o gemide gördüm.,p
bu filmi telvizyonda belkide 50 defa verdiler ve ben en azından bunun 40 ını izlemşimdir bütün ailecek.,p
bu filmin 5 puan aldığına inanamıyorum.,p
bu filmin türkçe karşılığı u dönüşü olması gerekmiyor mu ?,o
bu filmle en çok üzenlendiğim tek film olarak tarihe geçen tek yapım 10 üzerinden 10 tek kelimeyle tarihe adını yazdırmış dram ve aşk dolu filmdir,p
Bu güne kadar seyrettiğim en iyi film diyebilirim,p 
bu kadar güzel bir kadro ve böylesine güzel bir senaryoya kimse kötü bir film ile karşılaşacağını zannetmez.,n
bu kadar ipucu yeter:DDD ılk fılmi izlediğimde 14 yasımdaydım ve hala etkısınde oldugumu soyleyebılırım.,o
Bu kadar zaman nasıl izlememişim diye de hayıflandım !,p
bu muhtesem filme bence 9.1   cok az.,p
Bu tam 3 5 hafta gibi bir zaman sürdü.,o
bu tarz filmlere bayılıyorum film çok zevkli,p
bu yoruma katılıyorum.,o
bu yüzden tatmin olamadim",n
bulamazsınız.,o
buna benzer soruları sormama neden oldu bu film.,o
bunu özellikle belirtmekte fayda var.,o
Bunu özellikle tarafsız olması gereken bir gazeteci yönünden anlatması daha da çarpıcı.,o
Bunu sevenler The Hunting Party yi ve Grbavica(the Land of My Dreams) i de seveceklerdir.,o
Bunun dışında temposuda hiç düşmüyor yorumların arasında kötü yorumlara rastlayınca şaşırdım doğrusu.,p
Buram buram Oliver Stone kokuyor.,o
canım sıkıldıkça izlediğim bi film 20 kere izlemişimdir.,p
cin haricinde son derece başarısız bir film.,n
cok guzel bi filmdi.,p
cok güzel bir film hele 97 filmiyse harika,p
cok hos ve guzel bir film vede duygusal duygusal ve acikli filmleri hep severim 10/10,p
cok iyi hatırlıyorum 97 senesiydi eve bir kac film almıstım izliycektim üstelik (o zamanlar vcd bilgisayar parasıydı).,o
coppola'nın ortalama bir filmi!,o
Costner'ın farklı filmlerinden biri.,o
çok basit bir film.,n
çok guzel bi film insanın gidip orda postaları kendisi dağıtası geliyo çok sewdim süper.,p
Çok güzel bir film Çok beğeniyoruz,p
Çok güzel bir film Leoda çok iyi oynamış yakışmış role kaçırılmayacak bir film bence aldığı puanın fazlasını hakediyo,p
Çok güzel bir film.,p
çok güzel bir film.,p
Çok güzel bir filmdi.,p
çok güzel çekmişler izlediğim en iyi filmlerdendi,p
çok güzel harika çok beğendim,p
çok güzel sıkmayan filmlerden izleyeli 5 sene olduysada filmin finalinde kadının 3. dileğini unutmadım,p
çok güzelden daha güzel.,p
çok güzeldi leonardo ve kate winslet çok iyi oynamışlar en çok beğendiğim filimler arasındadır puanım(10),p
çok harika olabilirmiş ama maalesef olmamış .,n
Çok iyi bir film.,p
çok keyifli bir film.,p
çok kotuydu,n
çok romantik.,p
"Çok saçma bir film!,n
 bu kadrodan böyle kötü bir film çıkması çok şaşırtıcı.,n
 Film boyunca sonunda ne olacak diye bekliyorsun  sonu ise o kadar saçmaki izlemek için harcadığın zamana acıyorsun.,n

izLe we unut.,n

temposu ve gizemi yavaş yavaş artan film olan küre güzel bir bilimkurgu.,p
..oyuncular kaliteli.,p
..izlenir..,o
.sıkılmadan izlenir.,P

iyi film.,p
özellikle tecrübeli oyuncuların olması filmi izlenir kılıyor.,p

Barry Levinson filmografisi içinde oldukça ilginç bir çalışma Sphere.,p
Başları sıkıcı olsa da ortalarından itibaren -oyunculukların da etkisiyle- akıcı ve ilgi çekici olmaya başlıyor.,p
En az bir kere izlenmeli.,p

Bilim kurgu olarak oldukça başarılı  hatta bu türe bir de psikolojik gerilim de eklenince süper olmuş.",p
çok tempolu ve abartı olmayan bir filim.,p
çok uzun ve kopmaları aolan bir film ama konusu gerçekten güzel!,p
çook güzel bir film,p
çünkü bence bu film macer-korku ve konu olarak çok kaliteli.,p
Çünkü bu film tarihin en iyi filmlerinden bir tanesi olmayı çoktan hak etmiş vaziyette.,p
Çünkü büyüdükçe filmden aldıklarımız da değişiyor.,o
çünkü eksik hiçbir şey yok.,p
daha iyi olabilirlerdi.,o
daha iyi olabilirmiş.,o
daha iyisi izleyen varsa söylesin 10 üzerinden 10 vereceğim tek film,p
dddddjıı,o
dediğin gibi Filmi ilk çıktığı zamanlar yere göğe sığdıramayıp şimdi aşağılayan bir sürü insan gördüm.,o
defalarca izlediğim hiç bıkmıycam bir film zaman,p
diğer çekilen 2 bölümü de harika idi.,p
Dikkatli izlediğinizde   Tıtanıc 2 kes yapıştır gibi duruyor :))),o
dikkatt! duygusallar izlemesin!,o
dört dörtlük bir yapım sonunda insan çok duygulanıyor ne de olsa gerçek bir hikaye kate winslet harika oynuyor 10/10,p
DREW BARRYMOORE MAKYAJ VE KIYAFETLER SAYESİNDE OLDUKÇA ŞİRİN BİR KIZA DÖNÜŞMÜŞ.,p
drew berrymorun o sıcak gülüşüyle adam sandlerin muhteşem oyunculuğu biraraya gelirse ne olur?,p
duygusal bir film olarak bence harika bir filmdi tek kelimeykle,p
duygusal film denınce akla ilk bu gelıyor izleyın anlarsınız tum ödullerı topladı zaten bu yuzden favorı fılmım bu benim miillet,p
duygusal reaksiyonların ve heyacanın hiç azalmadıgı eşsiz bir film.,p
dünya sinema tarihinin en iyi yapıtlarından olan titanic gibi bir filmin bu puanı alması çok ilginç.,p
Dünyanın en güzel filmi bence 3 saat boyunca insanı kitliyor mükemmel bi film o anı aynen yaşatıyor.,p
dünyanın en güzel filmi hiç kuşkusuz ki titanik,p
dünyanın en güzel filmi titaniktir.,p
dünyanın en iyi aşk filmi 10 puan,p
Düşünmeden izliyebilirsiniz.,p
E sormazlar mı adama madem 10 defa izlerken iyiydi de şimdi mi kötü oldu 11 oscarı babasının hayrına vermedi bu akademi.,p
efektlerini çok beğendim.,p
Efet kesinlikle bir başyapıt.,p
efsaneler nasıl oluşur?,o
eğer bana hangi karakter olmak isterdiniz gibi bi soru sorulmuş olsa kesinlikle aziz derdim.,o
eğer bu bu filmin 2. gelirse almış olduğu 12 oscarın hiç bir anlamı kalmaz bence.,o
eğlenceli hoş vakit geçirilecek bir fim.,p
"Ekşin görsel efekt oyunculuk aşk felaket.,o
 Hepsi bir arada bu kadar başarılı hangi filmde varki.,p
Üstelik filmin sonu da belli.,o
İşte gerçek bir başyapıt.,p

Birbirinden iki farklı insan hayatın tuhaf bir tesadüfüyle bir gemide buluşurlar.,o
 Batmaz denen ünlü gemi Titanic de.,o
 O anda ikiside bu büyülü geminin bir çok insana mezar olabileceğini asla bilemezlerdi.,o
 Sınıf farkına aldırmadan birbirine aşık olan iki genç ve hüzün verici bir son.,o
 James Cameron un yönetmiş olduğu ve 90 larda bizim için bir başyapıt olmuş olan ve şimdide yerini başka bir filmin zor tutacağı değerde çok güzel bir film.,p
 İyi seyirler.,p

Titanic'e hayatımın filmi diyebilirim.,p
jack'tan geriye ne bir resim ne bir fotoğraf kalmış.,o
jack'ın bir resmini görmek çok isterdik.,o
nede olsa bir kahraman sayılır.,o
..size birşey soracağım.,o
sizce jack ile rose tanışmasaydı jack yaşayacakmıydı?,o

ne denebilirki ya.,o
süper bir film.,p
her yönüyle süper bir film.,p
trajedinin kralı,p

şansımmıdır nedir izlediğim ilk sinema filmi.",o
en begendigim filmlerden bir tanesi.,p
En kaliteli en mükemmel filimlerden biri.,p
en son 5 yıl önce izlediğimde ve hıçkıra hıçkıra ağlamıitım.,o
en son dejavuda izledim.,o
eskı olmasına ragmen bulup ızlemenızı tavsıye ederım,p
eşcinsellere pek sempati duymamakla beraber bu filmde sanki onları sevimli göstermeye çalışmışlar gibi geldi.,o
etkileyici konuşmalar ve hafızalardan silinmeyecek kareler var oyunculuklar harika,p
etkisinde kalıyor insan her izlediğinde.,p
etkisinden hiçbirşey kaybetmeyen ve uzun yıllar daha hafızalardan silinmeyecek tek film,p
Evet ben de ilk 2006 senesinde görmüştüm Titanic 2 nin fragmanını.,o
evet titanik 2 cıkacak.,o
fazla bir abartı yok.,o
Fazla sevmediğim filmlerden biri.,n
FB arkadaşıma katılıyorum.,p
Fena sonuçlar vermediğinden olacak ki her ülke zorda kaldıgında bunu dener:,o
Film  tam bir hayalkırıklığı  çok kötü bir film 3 puan,n
Film 1998 yılında çekildi ve vizyona girdi ben bu filmi sinemada izlemiştim aslına bakarsanız güzel bir konuya sahip ama görsel efekt yönünden sınıfta kalmış bir film makyajlar çok ama çok yapmacık fakat dediğim gibi senaryosu bir gerilim filmine göre hiç de başarısız sayılmaz saygılarımla .,p
film bence daha amatör oyunculara verilseydi belki daha beğenilrid.,o
film dünyada ki en güzel film.,p
film dünyanın en büyük havuzunda çekilmiş ancak okyanus sahneleri o kadar ustalıkla hazırlanmış ki size okyanusun yalnızlığını ve ürkütücü yönünü harika bir şekilde veriyor.,p
film farklı tarzı ile hemen kendini belli ediyor gerçekten güzel bir film.,p
film gayet güzel.,p
film gerçektende aşırı ilgi çekici val kilmer in oyunculuk becerisini yabana atmamak lazım elisabeth shue ile adeta birbirlerini tamamlamışlar bence bu iki oyuncuda özellikle val kilmer hakettiği yerde değil,p
Film gusel ama sonu ne kadarda sacma sapan bıttı bole gusel bı fılme yakısmadı sonu hemde ıkısı aynı anda bınebılırdı o tahtaya!:(,o 
film güzel ama  11 oscarli diğer bir film olan Ben Hur'un yanından bile geçemez.,p
film güzel yavaş yavaş artan tempo iyiydi daha iyi olabilirdi diyebiliriz ama idare eder güzel oyuncularla birlikte iyi gitti,p
Film hakkında yoruma gerek yok.,o
film i ilk izlediğimde film sonunda izlediğime pişman oldum çünkü hayatım da bir daha bir film den böyle zevk almıyacağımı biliyorum keşke izlemeseydim de ileride izlemekten müthiş zevk alacağım bir film olsaydı :),p 
Film iyice saçma sapan bi hale gircek gemi batmış artık titanicin daha nesini devam ettiriolar,n
film izlenmeye değer.,p
Film özellikle son 15 dakikasında adının hakkını veriyor.,p
film tek kelime süper hele ilk izlerken tekrar izleyince bile bıkılmayan cinsten hele silahşörlerin koştuğu askerlerin bi türlü vuramadıkları gözlerini kapettıkları yer HARİKA,p
film tek kelimeyle muhteşem  ama güzel olduğu kadar saçma yanları da var .,o
filmde en çok dikkatimi ceken kate winslet leanordo di caprio nun gözlerinin içine öyle bir bakıyorki sanki gerçekten aşık olmuşcasına ve gerçekten film sırasında huzunlenmemek elde değil  muhteşem film 9/10,p
Filmde gerçekte titanik kazasından sağ kurtulan kişiyi oynatmış olsalardı bence çok daha etkili olurdu.,o
filmde sanki bisiler eksik bole aceleye getirilmis felan gbi geldi bana.,n
Filmde şiddet unsurlarından hiçmi hiç kaçınılmamış.,p
Filmdeki bütün karekterler ya kötü ya defolu.,n
Filmdeki en başarılı isim Bily Bob Thornton.,p
filmdeki tek gercek geminin batmasıdır geri kalan ise kurgu.,o
filmi beğendim.,p
filmi beğenmedim değil aslında ama çok daha iileri var bu tarzda.,o
filmi bu akşam bir kez daha izledim sanki ilk izlemişim gibi heyecanlıydım.,p
Filmi bu kadar seviyoruz ama puanı 9.1 yazık çok yazık doğrusu bence 9.5 den aşağı olmamalı Yüzüklerin Efendisi gibi hiçbir zaman gerçek olmayacak şeyleri işleyen filme 9.6 veriliyor yaşanmış gerçek bir olayı işleyen bu filme 9.1 yazık gerçekten de.,p
filmi çok begendim kendini izleyiciye zorla seyrettirmiyor hikayesini çok güzel anlatıyor herkese özellikle cin karakteri filmin temel taşı bence,p
filmi çok beğendim ama şurası burası güzel diye anlatamayacağım çünkü başlı başına müthiş bi film çok seveceksiniz mutlaka izlenmeli.,p
filmi hiç beyenmedim.,n
Filmi izlediğim zamanki yaşımın da etkisiyle hayatımdaki en çok etkilendiğim ve günlerce hatta haftalarca etkisinden kurtulamadığım bir filmdi.,o
filmi izlerken dakikaların nsaıl geçtiğini fark etmiyeceksiniz.,p
Filmi izliyeli çok oldu ama hala aklımda muhteşem güzel bir film olmuş konu zengini etkileyici çok uzun sürmesine rağmen seyirciyi sıkmaması ve olayların birbirine çok güzel bağlandığı bir film olmuş saygılarımla,p
filmi sanki ilk defa izliyormusum gibi heyecenlandım müthis bir yapım harika muhtesem bir film.,p
filmin bana kalırsa konusu süper bide oyunuculuklarda iyi olunca ortaya ilginç eğlenceli vede bi o kadar seyirlik bi film çıkmış.,p
Filmin bir güzel yanı da adamın bu kadar ""cool"" gözükmesi ve kabiliyetlerini sergilemesiyle kalmıyor diğer ajan filmlerinde olduğu gibi,p
filmin bu kadar uzun olmasını saymazsak mükemmel bir filmdi.,p
Filmin havası gidişatı biraz farklı.,o
Filmin müziği güzel ancak yalnızca filmi göz önüne alacak olursak puanların şişirilmiş olduğunu görürüz.,o
Filmin özellikle ""Şans"" hakkındaki vurgusu muhteşem.,p
filmin sadece efektleri güzel ondan başka hiçbir şey yok.,o
Filmin sonunda ağlamayanlar kendine başka bir dünya arasın derim :D.,p
filmin türü komedi yazıodu fakat ben nedense hiç gülmedim.,n
Filmin yönetmeni Ford capolla olunca izlemek gerekir,p
filminn büyüsüü tartışılmaz bişeyyyy harikaaa.,p
Finalinde ağladığım tek yabancı sinema.,o
fragmanı cıktı bıle.,o
francis ford cappola'nın kendisine ait prodüksyon şirketinin bu filmden sonra battığını duymuştum.,n
garip...,o
gayet güzel bir film.,p
gayet güzel bir film.,p
gecen aksam trt de 6.defa her zaman ki gibi bıkmadan izledim!,p
gecen gün internette sorun cıkıp internete giremeyince bir nostalji yapayım dedim.,o
geçen gün televizyonda karşılaştım.,o
Gelde bu filme yorum yap şimdi.,o
gelmis gecmis en iyi film,p
gelmiş geçmiş en iyi film en iyi yapıt hiç bir film titanic gibi olmazzzz!,p
Gelmiş geçmiş en iyi film.,p
gelmiş geçmiş en mükemmel film bence,p
geniş alana yayılan bir senaryonun tek bir yerde sevgide birleşmesi hele birde öyle bir durumda.,p
Gercekten etkileyici bi yapit ama sadece bir kez izlenebilir.,p
Gercekten filmi izlerken o kadar sıkıldım ki anlatamam.,n
gerçek bir klasik elbette *10*,p
gerçek bir olayı anlatan bu film gerçektende çok güzel,p
gerçek bir trajediyi beyazperdeye yaşıdı.,o
gerçekten böyle gerçekçi bir aşk olamaz keşke dicaprioyla winslet gerçekte birlikte olsalar filmde öyle oynamışlarki oynarken yaşamışlar böyle bir film yok ve olmaz.,p
Gerçekten çok süper bi film.,p
Gerçekten harika  bir film .,p
gerçekten izlenmesi gerekir.,p
gerçekten müthiş bir film.,p
gerek muzikleriyle gerk oyunculuklarıyla süper olmus 10/10 haytmda gorduklermn arasında dram olark 1 numardadir,p
Gişede iş yapmadı ama bence sinema tarihininin en iyilerinden,p
gothika da böyle bişi değil miydi ya,o
gözyaşlarıma hakim olmadıım nadir fılmlerden bi tanesi.,p
grcktn muhtesm bi film ne kdr ısledıgımı htrlamıorum hr defasnda sıklmadn sonunu bılmıomus gby ıslıorum benı ck etkıledıı eer ızlemedysenz buyuk kayıp dıebılırım.,p
Guzel bi romantilk film.,p
güzel bi film olmuş biraz eski ama bula bilirseniz tavsiye ederim,p
Güzel bir film ama olması gerekenden biraz uzun gibi bu biraz sıkabiliyor ama kesinlikle izlenilmesi gerekn filmlerden,p
Güzel bir filmdi.,p
Güzel film MÜTHİŞ MÜTHİŞ MÜTHİŞ HALE HAYATIM BENİM  HARİKASIN,p
Güzel film.,p
güzel filmdi sonuda mantıklı bitti ben çok beğendim ama çok ta kötü deyil yani,o
Güzel gayet akıcı.,p
güzel ve özel bir film oldu benim için.,p
Güzel ve Şaşırtıcı bir film bence Bu adam harika bir oyuncu en güzel ve ya en kötü filmi bile izlenir sean penn benim faforim,p 
hadi beee aslında gzl ama konu fena degıldı ama su bı gercek fılm cok kotuydu,n
HAKKETTENDE ADAM SANDLER'IN SESİ GÜZEL .,p
hala bizi aptal yerine koymaya çalışıyorlar.,n
hala bu filmin üztüne film tanımadım!!!,p
hala heyecanla izlediğim unutulmaz bi film yerini herzaman koruycak bence onun kadar ses getiren bi film olmadı daha.,p
Hala izlerken gözlerim doluyor.,o
hala şu titanic 2 olayını yutanlar var uyanın artık!,o
halle'nin olması filmi daha da ii yapmış bence.,p
hanginiz dünyadaki en iyi filmleri konusurken bu filmi es geciyonuz ki.,p
Harika bir film .,p
harika bir film hep izliyorum yine olsa yine izlerim,p
Harika film film.,p
Hatta abartılmış.,n
hatta yorumumu bile okuyamayacaksınız bu filmi istanbul film festivalinde izlemiştim duygu yüklü eşsiz bir filmdi.,p
hayatım boyumca bir çok film izledim en heyecan verici film titanik izlerken hala ilk heyacın tadıyorum,p
hayatım boyunca 500 çuvarında film izledim içlerinden en iyisi bu ve tarihin en büyük baş yapıtı ve benim en sevdiğim film filmi izlerken çok duygulandığım tek film ve en harika film film uzundu ama dahada uzun olmasını isterdim çünkü okadar güzel her saniyesi adamı duygulandırıyor ve leonardo dicaprio kate winslet harika bir oyuncu başarıları çok büyük okadar büyük ki anlatamam ve filmi felaket yönünde çok güzel yapılmış hiç bir kamera hatası yok çok süper bir film ortaya konmuş bu filmi yapan herkese çok büyük saygı duyuyorum çünkü benim izlediğim en iyi film 10 üzerinden 10 hatta 1000 üzerinden 1000 de diyebilirim tarihin en büyük ödülüne sahip tarihin en büyük hasılatına sahip bir film izlemeyen varsa kesinlikle izlesin herkese iyi seyirler,p
hayatım boyunca izledıgım en güzel  en harika en kusursuz ve en ihtişamlı bir yapım hayatım boyunca tek bir filimde agladım odaa TİTANİC filimi nerdeyse hergün izliyorum ama yinede doyamıyorum keske zamanım olsa hic durmadan izlesem ,p
Hayatım da izlediğim en güzel flimlerden biri flim mi her izleyişimde sanki ilk defa izlemiş gibi duygulanıyorum.,p
hayatımda en çok izlediğim film kendisi.,p
hayatımda gördüğüm en güzel filmlerden bir tanesi adeta o zamanı yasıyorsunuz özellikle kıyafetler ve oyuncuların inanılmaz performansı beni çok etkiledi.,p
hayatımda ılk defa sınemaya bu fılme basladım bu fılm benım ılkım sınemada başyapıt dıyebılecıgim ve 10 numara verecegım fılm hemde hıc dusunmeden cok gusel ve harıka fılm cok onemlı bı yerı var benım hayatımda cok gusel,p 
hayatımda izledigim en mükemmel filmdir ve her izledigimde hiç izlememiş gibi heyecanlanırım muhteşem bi film,p
hayatımda izlediğim en iyi aşk filmi diyebiliriz filmi hiç kaçırmadan saniye saniye izledim ve çooook beendimm bu filmi geçebilecek bir film olamaz diye düşünüyorum en azından şu anlık,p
Hayatımda izlediğim en iyi filmlerinden biri ve hatta basında geliyo.,p
hayatımda izlediğim en kaliteli film.,p
hayatımda izlediğim ve beni etkileyen en muhteşem film.,p
hayatımda izLediqim en qüzeL fiLm.,p
hayatımın filmi diyebilirim filmi her izlediğimde duygulanıyorum.,p
Hayatımın filmi.,p
Hayatımın filmi.,p
hehe :)",p
Helal olsun adamlara.,p
Hele o finaldeki sahne  harikaaaaaaaaaa  heyacandan öldüm,p
hele o müzikler o aşk muhteşem herşeyiyle mükemmel.,p
hele o son sahnede ağlamayan insan varsa insani duygularında eksiklik var demektir zaten.,o
her anı sürprizlerle dolu konu ve mekan bakımından oldukça değişik ve aynı zamanda da sürükleyici bir film.,p
her film oscar alır.,o
her izlendiğinde seyirci kitlesini ekrana bağlayan harikanın ötesinde bir yapıt senaryosu ve güçlü kadrosuyla çekilmiş bu film tüm zamanların en büyük yaşanmış aşk filmlerinden,p
HER ROLDE AYRI BİR KARİZMA SERGİLİYOR MİCKEY ROURKE,p
her sahnesinde ayrı düşündürüp hüzünlendirip sevindiriyor insanı.,p
her seferindede yanımızda yeni insanlar vardı.,o
her şey güllük gülistanlık,p
Her ülkede var bu.,o
her zaman bir numarasın titanik,p
heralde büyük bi şans.,p
Herkes titaniği izlemek için sinema önünde uzun kuyruklar oluşturmuştu.,p
Herkese tavsiye ederim.,p
herkesin ortak fikri sanırım.,o
heyecan var ama efektlerinde pek iş yok.,o
hiç beğenmedim uyumak isteyenler oturup izlemeye çalışabilir,
hiç bi filmde bu kadar çok ağlamıyorum ben tek kelimeyle muhteşem bir film.,p
hiç eskimeyen bi klasik bence,p
hiçbir şey soylemeye gerek yok bence herkes izlemeli.,p
hikaye basit olmasına rağmen bnce halen en iyi aşk filmidir.,p
Hikayenin de akıcılığı göz önüne alarak ben bu yapıma 10 puan üzerinden 8 puan veriyorum.,p
hoş bi film ama azız isimlerini devamlı kullanması o kadar zeki bir insana yakışmadı bence,o 
Hoş bir filmdi sonu biraz duygusaldı,p
hoş ve sevimli bir film.,p
hoşş bi film ama amatorce yapılmış chook hata var mesela filmin konusu bence o kadar da etkileyici değil ama yinede bizim bütün kokru filimlerimizden daha kaliteli:,p
ımdbde yazdığına göre 1 milyar 850 milyon dolar civarı bi hasılat yapmış.,o
İlgi çekici bir konu  izleyin ve nasıl heba edildiğine tanık olun.,n
ilk defa bir aşk öyküsünde agladıgımı hatırlıyorum bir başyapıt,p
ilk geldiinde gitmiştim o zmnlar daha çocuktum hey gidi günler hey bee ne süper bi filmdi leonardo kate hepsi birer yetenek.,p
iLk izLedigimde cok begenmistim hatta gozyasi dokmustum arsiwLik bir caLisma.,p
İlk izlediğimde o kadar duygulandım ki.,p
ilk izlediğimde sanırım 14 yaşındaydım.,o
İmdb de ilk 250 ye girememesi tamamen filmi 10 kere ayıla bayıla izleyipte sonradan burun kıvıran insanlarda suc.,p
İmkansız bir aşk.,p
i-n-a-n-ı-l-m-a-z bir filmbaşyapıt kötü diyen arkadaşlar lütfen film izlemeyi bıraksın11 oscar 14 aday daha neolsun,p
inanılmaz keyif aldığım bir filmdi.,p
inanılmaz..,p
İnsan beynini balık beyni ile özdeşleştirip suni gündem yaratarak olayları unutturma taktiği.,o
İNSANI BİLMEDİĞİ BİR YERE GİTMEKTEN KORKUTAN BİR FİLM.,o
insanın film izleme beklentilerini karşılayan doyurucu bir film val kilmer'ın oyunculuğu da süper.,p
insanın içine işleyen ömrü boyunca unutamayacağı bir film.,p
İnsanlar Titanicin batışından çok Jack karakterinin ölümüne ağlamış.,o
işte bir başyapıt daha.,p
işte class filmdiye buna derim ben şöyle filmleri anca 1-2 yılda bi izliyozzzzz ne yapaylım süper ötesi tebrikler.,p
itici bir film değildi sonuçta.,o
iyi bir film ama çok abartılıyor.,p
iyi bir film jennifer'yeni yeni sinemada boy gösterdiği bi film,p
iyidir abartılmaması lazım gelir,p
İzkeyenin beğenmemesi çok zor.,p
izle izle insan hiç sıklımıyor ne diyebirimki gerçekten hLL olsun,p
izledigim en kötü dogal afet filmi,n
izlediğim en dokunaklı aşk filmlerinden biriydi.,p
İzlediğim en iyi Bond filmi,p
izlediğim en iyi film bence notu eksik hak ettiği not ise 10'dur.,p
İzlediğim en iyi film diyebilirim.,p
izlediğim en iyi filmlerden biri,p
İzlediğim en iyi üç romantik komediden biri.,p
izlediğiniz diğer filmlerin boş olduğunu gösteren film gelmiş geçmiş en iyi film rahatlıkla diyebilirim yüzlerce film izlememe rağmen üstelik izlediklermin çoğuda kült kategorisi olmasına rağmen.,p
İzlediğinizde kesinlikle sıkılmayacağınız bir eser.,p
izledikçe bıkılmayacak türden bi film herkesin arşivinde bulunmalı,p
İzlemeyen varsa bence ölmeden mutlaka izlesin.,p
izlemeyenler çok şey kaybeder.,p
izlemeyenlere tavsiye ediyorum.,p
izlenmeli,p
izlerken aklınızdan geçen tek fikir bu filmi kapatıp başka bi filme geçmek olacak!,n
izlerken bana ordaymış hissi veren nadir filmlerden.,p
İzlerken kesinlikle tedirgin olabileceğiniz bir film.,o
İzleyen herkesi etkileyecek bir film.,p
izleyen hiç kimsenin şu bölümünü beğenmedim diyemeyeceği izlenim boyunca her saniyesinde ayrı bir keyif veren harika ötesi bir film yada başyapıt demek daha doğru olur.,p
izleyince bir hoş oldum.,p
izleyip izleyebileceğim en güzel film izlemeyen warsa  (büyük ihtimal yoktur )  cok şey kaybeder,p
izleyip izleyebileceğin en iyi film.,p
jack dawson donmus bır sekılde bulunacak ve hayata dondurulcek.,o
james cameron gerçek bir usta gerek titanic olsun gerek terminatör olsun gerek avatar olsun hepsi birer tenoloji harikası gerçekten sinemada james cameron gibi ustalar ve senerastler oldukça sinema her zaman yükselir hiç bir zaman gerilemez sinemanın ustalara ihtiyacı var,p
james cameron ın bu derece şöhret sahibi olmasına yaraması dışında bir insanda tüm duyguları uyandıran içine hiç çıkmayacak şekilde işleyen ölene kadar unutamaycağınız ve belkide seyrederken en katımızın bile ağlayabileceği sahnelerle dolu bir başyapıt.,p
james cameronun en iyi yapımlarından biri filmin en begendim tarafı gercek askın en iyi anlatıldığı film.,p
James Cameron'un filmleri işte:,o
james jameronun en iyi eseri avatardan da iyi bence,p
janiston nasıl böyle saçma bir sahneli film de rol aldı anlayamadım., n
Jones Snipes ve Robert rollerini çok iyi oynamışlar.,p
Kaç ere olursa olsun bıkmadan ve artık ezberlediğim halde sonunu merakla izlediğim bir film :))))))),p
kaç kez izlediğimin sayısı yok diyebilirim tek söyleyeceğim çooookk güzel gerçekten.,p
kadro cok gusel ama leo fılmı bosmus sadce yakıkslı oldugu cıcın onu secmelrı hata olmus,o
karşımızda iyi bir film var james cameron iyi bir iş çıkarmış doğrusu ayrıcafilmde çok başarılı bir sanat yönetimi var kate winslet ve dicaprio döktürmüşler iyi bir film zaten bu yorum boşuna bu filmi izlemeyen kalmamıştır ki film vizyona girdiğinden sadece 1 yıl sonra 2 milyar dolara yaklaşan bir gişe hasılatı yapmış 11 dalda oscar almış ve yüzüklerin efendisinden sonra vcd ve dvd satışlarında en yüksek sıraları tutmuştur ama hala izlemeyen varsa öneririm,p
Kate Winslet harika.,p
Kaybedenler veya u dönüşü bence Oliver Stone un çoğu filminde anlatmak isfhytediği Amerikan toplumunun ahlakının çöküşünü gösteren üst düzey bir film.,o
kelimeler yetersiz kalır bu film için.,p
kelimlerle anlatılmaz bu film,p
Kesin izleyin.,p
kesinlikle filmin en orjinal cd sini alın bu filme neler verimez ki.,o
Kesinlikle harika bir film!,p
kesinlikle herkesin izlemesi gereken bi film.,p
kesinlikle izlemeniz gereken bir film.,p
kesinlikle izleyin,p
KESİNLİKLE KENDİSİNİN EN İYİ FİLMLERİNDEN BİR TANESİ.,p
Kesinlikle komedi filmi bence.,p
kesinlikle muhteşem bu filmi beğenmeyen yoktur heralde.,p
kesinlikle mükemmel bir film.,p
kevin costner kendisini aşmış,o
Kevin Costner ne diyebilirm bu adam için takdir ediyorum cunku o kadar kötü film yapmasına ragmen hala pes etmıyor!,n
keyifle zaman geçirebileceginiz güzel bir film.,p
kısacası ben bir titanik fanatiğiyim.,p
kimse yazmamış ben yazıyım:),o
kitabına en yakışacak film bana göre.,p
kitaptaki ortamı yansıtamamışlar.,n
Klişelerle bürünmüş bir felake filmi.,n
Komedıye gelince sadece Woody Harrelsonun sahneleri komik.,p
Konu çok iyi incelenmiş.,p
Konu insanlara bir mesaj niteliğinde.,o
Konu olarak akla ziyan bir film gibi görünsede görsel efektlerle oldukça etkileyici.,o
konusu digerlerine gore daha yaratıcı brosnanın bu rolde sov yaptıgı enfes bir film.,p
korku olarak geçsede ben bunu tam olarak korku kategorisinde değerlendirmek istemiyorum.,o